{
    "packages": [
        {
            "name": "phpmailer/phpmailer",
            "version": "v6.9.3",
            "version_normalized": "6.9.3.0",
            "source": {
                "type": "git",
                "url": "https://github.com/PHPMailer/PHPMailer.git",
                "reference": "2f5c94fe7493efc213f643c23b1b1c249d40f47e"
            },
            "dist": {
                "type": "zip",
                "url": "https://api.github.com/repos/PHPMailer/PHPMailer/zipball/2f5c94fe7493efc213f643c23b1b1c249d40f47e",
                "reference": "2f5c94fe7493efc213f643c23b1b1c249d40f47e",
                "shasum": ""
            },
            "require": {
                "ext-ctype": "*",
                "ext-filter": "*",
                "ext-hash": "*",
                "php": ">=5.5.0"
            },
            "require-dev": {
                "dealerdirect/phpcodesniffer-composer-installer": "^1.0",
                "doctrine/annotations": "^1.2.6 || ^1.13.3",
                "php-parallel-lint/php-console-highlighter": "^1.0.0",
                "php-parallel-lint/php-parallel-lint": "^1.3.2",
                "phpcompatibility/php-compatibility": "^9.3.5",
                "roave/security-advisories": "dev-latest",
                "squizlabs/php_codesniffer": "^3.7.2",
                "yoast/phpunit-polyfills": "^1.0.4"
            },
            "suggest": {
                "decomplexity/SendOauth2": "Adapter for using XOAUTH2 authentication",
                "ext-mbstring": "Needed to send email in multibyte encoding charset or decode encoded addresses",
                "ext-openssl": "Needed for secure SMTP sending and DKIM signing",
                "greew/oauth2-azure-provider": "Needed for Microsoft Azure XOAUTH2 authentication",
                "hayageek/oauth2-yahoo": "Needed for Yahoo XOAUTH2 authentication",
                "league/oauth2-google": "Needed for Google XOAUTH2 authentication",
                "psr/log": "For optional PSR-3 debug logging",
                "symfony/polyfill-mbstring": "To support UTF-8 if the Mbstring PHP extension is not enabled (^1.2)",
                "thenetworg/oauth2-azure": "Needed for Microsoft XOAUTH2 authentication"
            },
            "time": "2024-11-24T18:04:13+00:00",
            "type": "library",
            "installation-source": "source",
            "autoload": {
                "psr-4": {
                    "PHPMailer\\PHPMailer\\": "src/"
                }
            },
            "notification-url": "https://packagist.org/downloads/",
            "license": [
                "LGPL-2.1-only"
            ],
            "authors": [
                {
                    "name": "Marcus Bointon",
                    "email": "phpmailer@synchromedia.co.uk"
                },
                {
                    "name": "Jim Jagielski",
                    "email": "jimjag@gmail.com"
                },
                {
                    "name": "Andy Prevost",
                    "email": "codeworxtech@users.sourceforge.net"
                },
                {
                    "name": "Brent R. Matzelle"
                }
            ],
            "description": "PHPMailer is a full-featured email creation and transfer class for PHP",
            "support": {
                "issues": "https://github.com/PHPMailer/PHPMailer/issues",
                "source": "https://github.com/PHPMailer/PHPMailer/tree/v6.9.3"
            },
            "funding": [
                {
                    "url": "https://github.com/Synchro",
                    "type": "github"
                }
            ],
            "install-path": "../phpmailer/phpmailer"
        }
    ],
    "dev": true,
    "dev-package-names": []
}
